Date,Close
2020-03-20,4.6
2020-02-20,4.7
2020-01-27,4.6
2019-12-18,4.6
2019-11-20,4.6
2019-10-17,4.5
2019-09-18,4.3
2019-08-19,4.5
2019-07-17,4.4
2019-06-20,4.5
2019-05-24,4.7
2019-04-18,4.7
2019-03-20,4.9
2019-02-19,4.9
2019-01-25,4.8
2018-12-19,4.8
2018-11-20,4.7
2018-10-17,4.5
2018-09-19,4.6
2018-08-17,4.7
2018-07-18,4.7
2018-06-20,4.7
2018-05-22,4.9
2018-04-18,5.0
2018-03-21,5.0
2018-02-19,5.2
2018-01-25,5.1
2017-12-19,5.1
2017-11-20,5.1
2017-10-18,5.0
2017-09-19,4.9
2017-08-17,5.1
2017-07-19,5.1
2017-06-20,5.2
2017-05-22,5.3
2017-04-18,5.4
2017-03-21,5.6
2017-02-22,5.6
2017-01-25,5.3
2016-12-19,5.4
2016-11-18,5.4
2016-10-19,5.2
2016-09-19,5.2
2016-08-17,5.3
2016-07-19,5.4
2016-06-20,5.6
2016-05-23,5.9
2016-04-19,6.0
2016-03-21,5.8
2016-02-18,5.8
2016-01-25,5.8
2015-12-17,5.8
2015-11-17,5.5
2015-10-19,5.2
2015-09-17,5.3
2015-08-19,5.3
2015-07-17,5.4
2015-06-18,5.6
2015-05-22,5.8
2015-04-17,5.9
2015-03-19,5.8
2015-02-18,5.5
2015-01-28,5.3
2014-12-17,5.2
2014-11-21,5.1
2014-10-17,4.9
2014-09-17,4.8
2014-08-19,4.9
2014-07-17,4.9
2014-06-20,4.9
2014-05-22,5.3
2014-04-17,5.4
2014-03-20,5.6
2014-02-19,5.6
2014-01-24,5.6
2013-12-18,5.4
2013-11-20,5.5
2013-10-17,5.3
2013-09-18,5.2
2013-08-19,5.3
2013-07-17,5.4
2013-06-20,5.2
2013-05-24,5.6
2013-04-17,5.7
2013-03-20,5.8
2013-02-19,6.0
2013-01-25,5.3
2012-12-19,5.4
2012-11-20,5.3
2012-10-17,5.2
2012-09-19,5.2
2012-08-20,5.4
2012-07-18,5.4
2012-06-20,5.4
2012-05-21,5.8
2012-04-18,6.5
2012-03-20,6.5
2012-02-20,6.6
2012-01-24,6.1
2011-12-20,6.3
2011-11-21,6.4
2011-10-20,6.0
2011-09-19,6.1
2011-08-17,6.5
2011-07-19,6.1
2011-06-23,6.4
2011-05-01,7.1
2011-04-01,7.0
2011-03-01,7.4
2011-02-01,7.6
2011-01-01,7.0
2010-12-01,6.6
2010-11-01,6.7
2010-10-01,6.5
2010-09-01,6.7
2010-08-01,6.8
2010-07-01,6.7
2010-06-01,7.2
2010-05-01,8.1
2010-04-01,8.5
2010-03-01,8.5
2010-02-01,9.0
2010-01-01,8.0
2009-12-01,8.1
2009-11-01,7.6
2009-10-01,7.5
2009-09-01,7.8
2009-08-01,8.0
2009-07-01,8.2
2009-06-01,8.4
2009-05-01,8.7
2009-04-01,9.0
2009-03-01,9.2
2009-02-01,8.4
2009-01-01,7.6
2008-12-01,6.8
2008-11-01,6.5
2008-10-01,6.1
2008-09-01,5.8
2008-08-01,5.6
2008-07-01,5.5
2008-06-01,5.3
2008-05-01,5.8
2008-04-01,6.4
2008-03-01,6.9
2008-02-01,6.5
2008-01-01,6.1
2007-12-01,5.7
2007-11-01,5.6
2007-10-01,5.6
2007-09-01,5.6
2007-08-01,5.7
2007-07-01,5.8
2007-06-01,5.9
2007-05-01,6.4
2007-04-01,6.8
2007-03-01,7.2
2007-02-01,7.1
2007-01-01,6.9
2006-12-01,6.7
2006-11-01,6.7
2006-10-01,6.6
2006-09-01,6.5
2006-08-01,6.8
2006-07-01,7.2
2006-06-01,7.5
2006-05-01,7.6
2006-04-01,7.7
2006-03-01,7.9
2006-02-01,7.8
2006-01-01,7.6
2005-12-01,7.5
2005-11-01,7.4
2005-10-01,7.3
2005-09-01,7.2
2005-08-01,7.3
2005-07-01,7.3
2005-06-01,7.3
2005-05-01,7.6
2005-04-01,8.0
2005-03-01,8.3
2005-02-01,8.3
2005-01-01,8.3
2004-12-01,8.4
2004-11-01,8.0
2004-10-01,7.7
2004-09-01,7.3
2004-08-01,7.4
2004-07-01,7.5
2004-06-01,7.6
2004-05-01,8.2
2004-04-01,8.9
2004-03-01,9.5
2004-02-01,9.1
2004-01-01,8.6
2003-12-01,8.2
2003-11-01,8.2
2003-10-01,8.2
2003-09-01,8.2
2003-08-01,8.3
2003-07-01,8.4
2003-06-01,8.5
2003-05-01,8.8
2003-04-01,9.2
2003-03-01,9.6
2003-02-01,9.3
2003-01-01,9.0
2002-12-01,8.8
2002-11-01,8.3
2002-10-01,7.8
2002-09-01,7.3
2002-08-01,7.5
2002-07-01,7.6
2002-06-01,7.8
2002-05-01,8.1
2002-04-01,8.3
2002-03-01,8.5
2002-02-01,8.6
2002-01-01,8.7
2001-12-01,8.9
2001-11-01,8.8
2001-10-01,8.7
2001-09-01,8.6
2001-08-01,8.6
2001-07-01,8.6
2001-06-01,8.6
2001-05-01,9.1
2001-04-01,9.6
2001-03-01,10.2
2001-02-01,10.0
2001-01-01,9.9
2000-12-01,9.8
2000-11-01,9.8
2000-10-01,9.8
2000-09-01,9.8
2000-08-01,10.0
2000-07-01,10.1
2000-06-01,10.2
2000-05-01,10.8
2000-04-01,11.4
2000-03-01,12.1
2000-02-01,12.2
2000-01-01,12.4
1999-12-01,12.6
1999-11-01,12.4
1999-10-01,12.1
1999-09-01,12.0
1999-08-01,12.1
1999-07-01,12.3
1999-06-01,12.7
1999-05-01,13.4
1999-04-01,14.1
1999-03-01,14.6
1999-02-01,14.2
1999-01-01,13.3
1998-12-01,12.9
1998-11-01,12.3
1998-10-01,11.9
1998-09-01,11.6
1998-08-01,11.3
1998-07-01,11.3
1998-06-01,11.5
1998-05-01,11.7
1998-04-01,11.7
1998-03-01,11.6
1998-02-01,11.4
1998-01-01,11.2
1997-12-01,11.2
1997-11-01,11.1
1997-10-01,11.0
1997-09-01,10.9
1997-08-01,10.9
1997-07-01,10.9
1997-06-01,10.9
1997-05-01,10.7
1997-04-01,10.5
1997-03-01,10.3
1997-02-01,10.1
1997-01-01,10.0
1996-12-01,9.9
1996-11-01,9.8
1996-10-01,9.8
1996-09-01,9.7
1996-08-01,9.7
1996-07-01,9.6
1996-06-01,9.6
1996-05-01,9.5
1996-04-01,9.2
1996-03-01,9.2
1996-02-01,9.1
1996-01-01,8.8
1995-12-01,8.8
1995-11-01,8.8
1995-10-01,8.6
1995-09-01,8.5
1995-08-01,8.3
1995-07-01,8.1
1995-06-01,8.0
1995-05-01,8.0
1995-04-01,7.8
